kappa,g_1,delta_r1,min_snr,snr_200ns,meets_spec,Omega_q1_mag,phi_q1,Omega_q2_mag,phi_q2
2.0,0.05,0.1,0.00025282920045415023,2.0068562663374297e-21,False,0.1,0.0,0.1,1.5707963267948966
2.0,0.05,0.2,6.32960743768157e-05,5.02418720897345e-22,False,0.1,0.0,0.1,1.5707963267948966
2.0,0.05,0.30000000000000004,2.8138911367855112e-05,2.2335533437220338e-22,False,0.1,0.0,0.1,1.5707963267948966
2.0,0.05,0.4,1.582957998766972e-05,1.2564882432361892e-22,False,0.1,0.0,0.1,1.5707963267948966
2.0,0.05,0.5,1.013135853133975e-05,8.041863961365306e-23,False,0.1,0.0,0.1,1.5707963267948966
2.0,0.05,0.6,7.035826865541624e-06,5.584755719914577e-23,False,0.1,0.0,0.1,1.5707963267948966
2.0,0.05,0.7,5.1692503445933416e-06,4.103142527714217e-23,False,0.1,0.0,0.1,1.5707963267948966
2.0,0.05,0.8,3.957742787665395e-06,3.1414966703651916e-23,False,0.1,0.0,0.1,1.5707963267948966
2.0,0.05,0.9,3.127124639412187e-06,2.4821854702501423e-23,False,0.1,0.0,0.1,1.5707963267948966
2.0,0.05,1.0,2.5329820979409396e-06,2.010579073399059e-23,False,0.1,0.0,0.1,1.5707963267948966
2.0,0.1,0.1,0.0009839845719111647,7.810472843216473e-21,False,0.1,0.0,0.1,1.5707963267948966
2.0,0.1,0.2,0.00025142199653822693,1.9956864489602738e-21,False,0.1,0.0,0.1,1.5707963267948966
2.0,0.1,0.30000000000000004,0.000112205489751409,8.906419425469453e-22,False,0.1,0.0,0.1,1.5707963267948966
2.0,0.1,0.4,6.320730011353756e-05,5.017140665843574e-22,False,0.1,0.0,0.1,1.5707963267948966
2.0,0.1,0.5,4.047991697915125e-05,3.2131326169803214e-22,False,0.1,0.0,0.1,1.5707963267948966
2.0,0.1,0.6,2.8121345287339574e-05,2.2321590190675137e-22,False,0.1,0.0,0.1,1.5707963267948966
2.0,0.1,0.7,2.0665143033221432e-05,1.6403157434538707e-22,False,0.1,0.0,0.1,1.5707963267948966
2.0,0.1,0.8,1.5824018594203925e-05,1.2560468022433624e-22,False,0.1,0.0,0.1,1.5707963267948966
2.0,0.1,0.9,1.2504157506224312e-05,9.925296129387237e-23,False,0.1,0.0,0.1,1.5707963267948966
2.0,0.1,1.0,1.0129079944092564e-05,8.04005531066863e-23,False,0.1,0.0,0.1,1.5707963267948966
2.0,0.15000000000000002,0.1,0.0019917985802039104,1.5810094145708072e-20,False,0.1,0.0,0.1,1.5707963267948966
2.0,0.15000000000000002,0.2,0.0005493347821863777,4.3603980393386654e-21,False,0.1,0.0,0.1,1.5707963267948966
2.0,0.15000000000000002,0.30000000000000004,0.00024912253129664053,1.9774342208908356e-21,False,0.1,0.0,0.1,1.5707963267948966
2.0,0.15000000000000002,0.4,0.00014114734328029717,1.1203707080911859e-21,False,0.1,0.0,0.1,1.5707963267948966
2.0,0.15000000000000002,0.5,9.063954283830195e-05,7.194601501577474e-22,False,0.1,0.0,0.1,1.5707963267948966
2.0,0.15000000000000002,0.6,6.30600786555841e-05,5.005454820027406e-22,False,0.1,0.0,0.1,1.5707963267948966
2.0,0.15000000000000002,0.7,4.638142293102331e-05,3.681570367804513e-22,False,0.1,0.0,0.1,1.5707963267948966
2.0,0.15000000000000002,0.8,3.553646557905384e-05,2.8207413741254785e-22,False,0.1,0.0,0.1,1.5707963267948966
2.0,0.15000000000000002,0.9,2.809213338379447e-05,2.229840295930477e-22,False,0.1,0.0,0.1,1.5707963267948966
2.0,0.15000000000000002,1.0,2.276271294189294e-05,1.8068123865527215e-22,False,0.1,0.0,0.1,1.5707963267948966
2.0,0.2,0.1,0.002866648122563704,2.275429712160434e-20,False,0.1,0.0,0.1,1.5707963267948966
2.0,0.2,0.2,0.0009083968188623393,7.210487732351437e-21,False,0.1,0.0,0.1,1.5707963267948966
2.0,0.2,0.30000000000000004,0.00042789397978967923,3.396449908184975e-21,False,0.1,0.0,0.1,1.5707963267948966
2.0,0.2,0.4,0.0002459961429777912,1.9526182108041183e-21,False,0.1,0.0,0.1,1.5707963267948966
2.0,0.2,0.5,0.00015907900033954562,1.2627049727668067e-21,False,0.1,0.0,0.1,1.5707963267948966
2.0,0.2,0.6,0.00011110425765729426,8.819008061402476e-22,False,0.1,0.0,0.1,1.5707963267948966
2.0,0.2,0.7,8.191138462821828e-05,6.501795490008119e-22,False,0.1,0.0,0.1,1.5707963267948966
2.0,0.2,0.8,6.285549913455673e-05,4.989216122400684e-22,False,0.1,0.0,0.1,1.5707963267948966
2.0,0.2,0.9,4.974097219598316e-05,3.9482378445968804e-22,False,0.1,0.0,0.1,1.5707963267948966
2.0,0.2,1.0,4.0335173901496636e-05,3.2016434950008053e-22,False,0.1,0.0,0.1,1.5707963267948966
2.0,0.25,0.1,1.3746319121015107,1.0911273942064294e-17,False,2.0,0.24116255148936602,1.9999999999132638,1.3296337872418205
2.0,0.25,0.2,0.0012496160728360656,9.918948609505292e-21,False,0.1,0.0,0.1,1.5707963267948966
2.0,0.25,0.30000000000000004,0.0006255550559772047,4.965403844856035e-21,False,0.1,0.0,0.1,1.5707963267948966
2.0,0.25,0.4,0.00036937667385179997,2.931963124618557e-21,False,0.1,0.0,0.1,1.5707963267948966
2.0,0.25,0.5,0.00024212782855705716,1.9219130904245542e-21,False,0.1,0.0,0.1,1.5707963267948966
2.0,0.25,0.6,0.00017041695315605696,1.3527010713835095e-21,False,0.1,0.0,0.1,1.5707963267948966
2.0,0.25,0.7,0.0001262409269653853,1.0020495848329553e-21,False,0.1,0.0,0.1,1.5707963267948966
2.0,0.25,0.8,9.717788281205175e-05,7.713588569692807e-22,False,0.1,0.0,0.1,1.5707963267948966
2.0,0.25,0.9,7.707025600124907e-05,6.117526216374888e-22,False,0.1,0.0,0.1,1.5707963267948966
2.0,0.25,1.0,6.25950581636558e-05,4.968543368085728e-22,False,0.1,0.0,0.1,1.5707963267948966
2.0,0.3,0.1,1.4445792509972768,1.1466487719287993e-17,False,2.0,0.34828084912093116,2.0,1.2225154354261027
2.0,0.3,0.2,0.0015145697651508295,1.2022044204302103e-20,False,0.1,0.0,0.1,1.5707963267948966
2.0,0.3,0.30000000000000004,0.0008120594865452074,6.44580082634697e-21,False,0.1,0.0,0.1,1.5707963267948966
2.0,0.3,0.4,0.0004979496450509771,3.9525235364270134e-21,False,0.1,0.0,0.1,1.5707963267948966
2.0,0.3,0.5,0.0003333696564911989,2.6461539368647587e-21,False,0.1,0.0,0.1,1.5707963267948966
2.0,0.3,0.6,0.00023761676668415218,1.88610609989018e-21,False,0.1,0.0,0.1,1.5707963267948966
2.0,0.3,0.7,0.00017744348460411758,1.4084748453060936e-21,False,0.1,0.0,0.1,1.5707963267948966
2.0,0.3,0.8,0.00013733369554659431,1.0900995098346654e-21,False,0.1,0.0,0.1,1.5707963267948966
2.0,0.3,0.9,0.00010933161910124052,8.678303159129412e-22,False,0.1,0.0,0.1,1.5707963267948966
2.0,0.3,1.0,8.904271281175578e-05,7.067851571613152e-22,False,0.1,0.0,0.1,1.5707963267948966
2.888888888888889,0.05,0.1,0.00012129658748577982,2.9016157934484623e-21,False,0.1,0.0,0.1,1.5707963267948966
2.888888888888889,0.05,0.2,3.0344573151823185e-05,7.258925789079158e-22,False,0.1,0.0,0.1,1.5707963267948966
2.888888888888889,0.05,0.30000000000000004,1.3488159922068218e-05,3.2265918329334695e-22,False,0.1,0.0,0.1,1.5707963267948966
2.888888888888889,0.05,0.4,7.587421364470296e-06,1.8150371843953408e-22,False,0.1,0.0,0.1,1.5707963267948966
2.888888888888889,0.05,0.5,4.856047854234909e-06,1.161647284532338e-22,False,0.1,0.0,0.1,1.5707963267948966
2.888888888888889,0.05,0.6,3.3722924925892187e-06,8.067083633141546e-23,False,0.1,0.0,0.1,1.5707963267948966
2.888888888888889,0.05,0.7,2.47761905584829e-06,5.926876206176105e-23,False,0.1,0.0,0.1,1.5707963267948966
2.888888888888889,0.05,0.8,1.8969352433322654e-06,4.5377841003541714e-23,False,0.1,0.0,0.1,1.5707963267948966
2.888888888888889,0.05,0.9,1.4988174487190595e-06,3.585420225617813e-23,False,0.1,0.0,0.1,1.5707963267948966
2.888888888888889,0.05,1.0,1.2140446926087593e-06,2.9041965046533905e-23,False,0.1,0.0,0.1,1.5707963267948966
2.888888888888889,0.1,0.1,0.0004787709751834981,1.1452996756401112e-20,False,0.1,0.0,0.1,1.5707963267948966
2.888888888888889,0.1,0.2,0.00012097122851145641,2.893832666503134e-21,False,0.1,0.0,0.1,1.5707963267948966
2.888888888888889,0.1,0.30000000000000004,5.387200490211182e-05,1.2887078151891644e-21,False,0.1,0.0,0.1,1.5707963267948966
2.888888888888889,0.1,0.4,3.0324146871444954e-05,7.254039483621156e-22,False,0.1,0.0,0.1,1.5707963267948966
2.888888888888889,0.1,0.5,1.9413726020969965e-05,4.644085641628772e-22,False,0.1,0.0,0.1,1.5707963267948966
2.888888888888889,0.1,0.6,1.3484121744948277e-05,3.2256258339098497e-22,False,0.1,0.0,0.1,1.5707963267948966
2.888888888888889,0.1,0.7,9.907750908141143e-06,2.370098541806546e-22,False,0.1,0.0,0.1,1.5707963267948966
2.888888888888889,0.1,0.8,7.586143287955796e-06,1.8147314472697896e-22,False,0.1,0.0,0.1,1.5707963267948966
2.888888888888889,0.1,0.9,5.9942723011504955e-06,1.4339294731839023e-22,False,0.1,0.0,0.1,1.5707963267948966
2.888888888888889,0.1,1.0,4.855524283536573e-06,1.1615220377270676e-22,False,0.1,0.0,0.1,1.5707963267948966
2.888888888888889,0.15000000000000002,0.1,0.0010201502421424988,2.4403687817169404e-20,False,0.1,0.0,0.1,1.5707963267948966
2.888888888888889,0.15000000000000002,0.2,0.00026830924817331924,6.418402761077321e-21,False,0.1,0.0,0.1,1.5707963267948966
2.888888888888889,0.15000000000000002,0.30000000000000004,0.00012043410613927716,2.8809838074343447e-21,False,0.1,0.0,0.1,1.5707963267948966
2.888888888888889,0.15000000000000002,0.4,6.798181204553452e-05,1.6262378323025228e-21,False,0.1,0.0,0.1,1.5707963267948966
2.888888888888889,0.15000000000000002,0.5,4.357923566824589e-05,1.0424876833094682e-21,False,0.1,0.0,0.1,1.5707963267948966
2.888888888888889,0.15000000000000002,0.6,3.029018443571026e-05,7.245915105025318e-22,False,0.1,0.0,0.1,1.5707963267948966
2.888888888888889,0.15000000000000002,0.7,2.2265919598923744e-05,5.326377707984984e-22,False,0.1,0.0,0.1,1.5707963267948966
2.888888888888889,0.15000000000000002,0.8,1.7053268261765674e-05,4.0794249487071274e-22,False,0.1,0.0,0.1,1.5707963267948966
2.888888888888889,0.15000000000000002,0.9,1.347739860953109e-05,3.2240175482760695e-22,False,0.1,0.0,0.1,1.5707963267948966
2.888888888888889,0.15000000000000002,1.0,1.0918554501701367e-05,2.611899546430246e-22,False,0.1,0.0,0.1,1.5707963267948966
2.888888888888889,0.2,0.1,0.001600503948474671,3.828671218730843e-20,False,0.1,0.0,0.1,1.5707963267948966
2.888888888888889,0.2,0.2,0.00045968111019752627,1.0996335485987478e-20,False,0.1,0.0,0.1,1.5707963267948966
2.888888888888889,0.2,0.30000000000000004,0.00021049682047128763,5.0354334891884626e-21,False,0.1,0.0,0.1,1.5707963267948966
2.888888888888889,0.2,0.4,0.00011969274379587452,2.863249189100278e-21,False,0.1,0.0,0.1,1.5707963267948966
2.888888888888889,0.2,0.5,7.699320556307303e-05,1.841805329240837e-21,False,0.1,0.0,0.1,1.5707963267948966
2.888888888888889,0.2,0.6,5.3616119557940875e-05,1.282586612842516e-21,False,0.1,0.0,0.1,1.5707963267948966
2.888888888888889,0.2,0.7,3.945766431504384e-05,9.438928524064318e-22,False,0.1,0.0,0.1,1.5707963267948966
2.888888888888889,0.2,0.8,3.0242807127864103e-05,7.234581666257835e-22,False,0.1,0.0,0.1,1.5707963267948966
2.888888888888889,0.2,0.9,2.3913489512685913e-05,5.720503790315476e-22,False,0.1,0.0,0.1,1.5707963267948966
2.888888888888889,0.2,1.0,1.938033756636294e-05,4.636098568849999e-22,False,0.1,0.0,0.1,1.5707963267948966
2.888888888888889,0.25,0.1,0.0020603838015102738,4.9287801932007974e-20,False,0.1,0.0,0.1,1.5707963267948966
2.888888888888889,0.25,0.2,0.0006690406242198847,1.6004562716347015e-20,False,0.1,0.0,0.1,1.5707963267948966
2.888888888888889,0.25,0.30000000000000004,0.0003178082183595166,7.602500324156275e-21,False,0.1,0.0,0.1,1.5707963267948966
2.888888888888889,0.25,0.4,0.0001833347958703859,4.385672756445244e-21,False,0.1,0.0,0.1,1.5707963267948966
2.888888888888889,0.25,0.5,0.0001187573061389138,2.8408719669913554e-21,False,0.1,0.0,0.1,1.5707963267948966
2.888888888888889,0.25,0.6,8.302083665243509e-05,1.9859962741676623e-21,False,0.1,0.0,0.1,1.5707963267948966
2.888888888888889,0.25,0.7,6.124228794241081e-05,1.4650172243423614e-21,False,0.1,0.0,0.1,1.5707963267948966
2.888888888888889,0.25,0.8,4.701266441712976e-05,1.1246210004121391e-21,False,0.1,0.0,0.1,1.5707963267948966
2.888888888888889,0.25,0.9,3.7213402882724406e-05,8.902063922048308e-22,False,0.1,0.0,0.1,1.5707963267948966
2.888888888888889,0.25,1.0,3.018218322933831e-05,7.22007942303162e-22,False,0.1,0.0,0.1,1.5707963267948966
2.888888888888889,0.3,0.1,0.9506642925228375,2.274146851637654e-17,False,2.0,0.22570588115960416,2.0,1.3450904619429864
2.888888888888889,0.3,0.2,0.0008634757662112281,2.065577418484457e-20,False,0.1,0.0,0.1,1.5707963267948966
2.888888888888889,0.3,0.30000000000000004,0.0004320263670170674,1.0334788106630347e-20,False,0.1,0.0,0.1,1.5707963267948966
2.888888888888889,0.3,0.4,0.0002550375605356245,6.100921954292346e-21,False,0.1,0.0,0.1,1.5707963267948966
2.888888888888889,0.3,0.5,0.0001671558019358793,3.998644355271346e-21,False,0.1,0.0,0.1,1.5707963267948966
2.888888888888889,0.3,0.6,0.00011764025935212679,2.814150352923342e-21,False,0.1,0.0,0.1,1.5707963267948966
2.888888888888889,0.3,0.7,8.714096115669214e-05,2.0845564940413488e-21,False,0.1,0.0,0.1,1.5707963267948966
2.888888888888889,0.3,0.8,6.707731204332978e-05,1.6046006902693301e-21,False,0.1,0.0,0.1,1.5707963267948966
2.888888888888889,0.3,0.9,5.319677502038864e-05,1.2725551951556783e-21,False,0.1,0.0,0.1,1.5707963267948966
2.888888888888889,0.3,1.0,4.3204752909508646e-05,1.0335294338677556e-21,False,0.1,0.0,0.1,1.5707963267948966
3.7777777777777777,0.05,0.1,7.095766394400494e-05,3.79583300441257e-21,False,0.1,0.0,0.1,1.5707963267948966
3.7777777777777777,0.05,0.2,1.774640533762173e-05,9.493321418160818e-22,False,0.1,0.0,0.1,1.5707963267948966
3.7777777777777777,0.05,0.30000000000000004,7.887866874705207e-06,4.219561884259059e-22,False,0.1,0.0,0.1,1.5707963267948966
3.7777777777777777,0.05,0.4,4.437038455825184e-06,2.373564189734291e-22,False,0.1,0.0,0.1,1.5707963267948966
3.7777777777777777,0.05,0.5,2.8397381875928204e-06,1.5190990426152934e-22,False,0.1,0.0,0.1,1.5707963267948966
3.7777777777777777,0.05,0.6,1.972053074151302e-06,1.0549366663513481e-22,False,0.1,0.0,0.1,1.5707963267948966
3.7777777777777777,0.05,0.7,1.4488609309092712e-06,7.75058511606199e-23,False,0.1,0.0,0.1,1.5707963267948966
3.7777777777777777,0.05,0.8,1.1092869385316148e-06,5.934056645332716e-23,False,0.1,0.0,0.1,1.5707963267948966
3.7777777777777777,0.05,0.9,8.764751408944961e-07,4.688645429449166e-23,False,0.1,0.0,0.1,1.5707963267948966
3.7777777777777777,0.05,1.0,7.099457392648141e-07,3.797807479358463e-23,False,0.1,0.0,0.1,1.5707963267948966
3.7777777777777777,0.1,0.1,0.00028161847241522356,1.5064992741157908e-20,False,0.1,0.0,0.1,1.5707963267948966
3.7777777777777777,0.1,0.2,7.084612733978854e-05,3.7898664280069716e-21,False,0.1,0.0,0.1,1.5707963267948966
3.7777777777777777,0.1,0.30000000000000004,3.1523867589476894e-05,1.6863483149233226e-21,False,0.1,0.0,0.1,1.5707963267948966
3.7777777777777777,0.1,0.4,1.7739415986001234e-05,9.489582511031425e-22,False,0.1,0.0,0.1,1.5707963267948966
3.7777777777777777,0.1,0.5,1.1355372773375934e-05,6.07448108559526e-22,False,0.1,0.0,0.1,1.5707963267948966
3.7777777777777777,0.1,0.6,7.886485590370267e-06,4.2188229753976876e-22,False,0.1,0.0,0.1,1.5707963267948966
3.7777777777777777,0.1,0.7,5.79451160881597e-06,3.0997354178052457e-22,False,0.1,0.0,0.1,1.5707963267948966
3.7777777777777777,0.1,0.8,4.436601334405432e-06,2.3733303545402046e-22,False,0.1,0.0,0.1,1.5707963267948966
3.7777777777777777,0.1,0.9,3.5055594231126217e-06,1.8752756809582962e-22,False,0.1,0.0,0.1,1.5707963267948966
3.7777777777777777,0.1,1.0,2.839559128546728e-06,1.519003256170374e-22,False,0.1,0.0,0.1,1.5707963267948966
3.7777777777777777,0.15000000000000002,0.1,0.0006132168861735632,3.280362917862627e-20,False,0.1,0.0,0.1,1.5707963267948966
3.7777777777777777,0.15000000000000002,0.2,0.000158062513011552,8.455448929704108e-21,False,0.1,0.0,0.1,1.5707963267948966
3.7777777777777777,0.15000000000000002,0.30000000000000004,7.066126850676101e-05,3.779977527773209e-21,False,0.1,0.0,0.1,1.5707963267948966
3.7777777777777777,0.15000000000000002,0.4,3.982878947330046e-05,2.1306145834769552e-21,False,0.1,0.0,0.1,1.5707963267948966
3.7777777777777777,0.15000000000000002,0.5,2.5514762051110837e-05,1.3648952137117602e-21,False,0.1,0.0,0.1,1.5707963267948966
3.7777777777777777,0.15000000000000002,0.6,1.7727783365547768e-05,9.483359718144682e-22,False,0.1,0.0,0.1,1.5707963267948966
3.7777777777777777,0.15000000000000002,0.7,1.3028573384992296e-05,6.969548616227133e-22,False,0.1,0.0,0.1,1.5707963267948966
3.7777777777777777,0.15000000000000002,0.8,9.977030072249664e-06,5.337145831653559e-22,False,0.1,0.0,0.1,1.5707963267948966
3.7777777777777777,0.15000000000000002,0.9,7.884184882667216e-06,4.2175922271250783e-22,False,0.1,0.0,0.1,1.5707963267948966
3.7777777777777777,0.15000000000000002,1.0,6.386826933850963e-06,3.4165905585778364e-22,False,0.1,0.0,0.1,1.5707963267948966
3.7777777777777777,0.2,0.1,0.001006343584128553,5.383368022696492e-20,False,0.1,0.0,0.1,1.5707963267948966
3.7777777777777777,0.2,0.2,0.0002748385655835831,1.4702306137795488e-20,False,0.1,0.0,0.1,1.5707963267948966
3.7777777777777777,0.2,0.30000000000000004,0.0001243634590025855,6.652740465039045e-21,False,0.1,0.0,0.1,1.5707963267948966
3.7777777777777777,0.2,0.4,7.040461810380589e-05,3.766248185289477e-21,False,0.1,0.0,0.1,1.5707963267948966
3.7777777777777777,0.2,0.5,4.519399842372548e-05,2.4176228652837532e-21,False,0.1,0.0,0.1,1.5707963267948966
3.7777777777777777,0.2,0.6,3.1435978926225515e-05,1.681646769379961e-21,False,0.1,0.0,0.1,1.5707963267948966
3.7777777777777777,0.2,0.7,2.3118607824047385e-05,1.236714538176449e-21,False,0.1,0.0,0.1,1.5707963267948966
3.7777777777777777,0.2,0.8,1.7711531834947135e-05,9.474666070017429e-22,False,0.1,0.0,0.1,1.5707963267948966
3.7777777777777777,0.2,0.9,1.400045275725571e-05,7.48944901774774e-22,False,0.1,0.0,0.1,1.5707963267948966
3.7777777777777777,0.2,1.0,1.1343937039003619e-05,6.068363615607186e-22,False,0.1,0.0,0.1,1.5707963267948966
3.7777777777777777,0.25,0.1,0.0013694609224241836,7.325840055406992e-20,False,0.1,0.0,0.1,1.5707963267948966
3.7777777777777777,0.25,0.2,0.000410879017814513,2.197969958356723e-20,False,0.1,0.0,0.1,1.5707963267948966
3.7777777777777777,0.25,0.30000000000000004,0.00019034514606151016,1.0182386897913874e-20,False,0.1,0.0,0.1,1.5707963267948966
3.7777777777777777,0.25,0.4,0.0001087130995989281,5.815534905366157e-21,False,0.1,0.0,0.1,1.5707963267948966
3.7777777777777777,0.25,0.5,7.007827474564188e-05,3.7487906645533475e-21,False,0.1,0.0,0.1,1.5707963267948966
3.7777777777777777,0.25,0.6,4.8857640772333e-05,2.6136069742614967e-21,False,0.1,0.0,0.1,1.5707963267948966
3.7777777777777777,0.25,0.7,3.598126525189801e-05,1.9247938361028427e-21,False,0.1,0.0,0.1,1.5707963267948966
3.7777777777777777,0.25,0.8,2.7591045147270133e-05,1.475964596000398e-21,False,0.1,0.0,0.1,1.5707963267948966
3.7777777777777777,0.25,0.9,2.1823646756638463e-05,1.1674414577805235e-21,False,0.1,0.0,0.1,1.5707963267948966
3.7777777777777777,0.25,1.0,1.7690695317889977e-05,9.463519713902186e-22,False,0.1,0.0,0.1,1.5707963267948966
3.7777777777777777,0.3,0.1,0.0016435489877523217,8.79205591802212e-20,False,0.1,0.0,0.1,1.5707963267948966
3.7777777777777777,0.3,0.2,0.0005502899206283078,2.9437393039952e-20,False,0.1,0.0,0.1,1.5707963267948966
3.7777777777777777,0.3,0.30000000000000004,0.00026445930162583323,1.414707432064566e-20,False,0.1,0.0,0.1,1.5707963267948966
3.7777777777777777,0.3,0.4,0.00015330422154339067,8.20090729465656e-21,False,0.1,0.0,0.1,1.5707963267948966
3.7777777777777777,0.3,0.5,9.954522744152641e-05,5.3251056862931886e-21,False,0.1,0.0,0.1,1.5707963267948966
3.7777777777777777,0.3,0.6,6.968486273080343e-05,3.72774535066823e-21,False,0.1,0.0,0.1,1.5707963267948966
3.7777777777777777,0.3,0.7,5.1447755668484124e-05,2.752163446692573e-21,False,0.1,0.0,0.1,1.5707963267948966
3.7777777777777777,0.3,0.8,3.951562825288795e-05,2.1138622324260245e-21,False,0.1,0.0,0.1,1.5707963267948966
3.7777777777777777,0.3,0.9,3.1290941379469264e-05,1.6738880823508774e-21,False,0.1,0.0,0.1,1.5707963267948966
3.7777777777777777,0.3,1.0,2.538567763887993e-05,1.3579899289959622e-21,False,0.1,0.0,0.1,1.5707963267948966
4.666666666666666,0.05,0.1,4.6509018007342394e-05,4.689816343480228e-21,False,0.1,0.0,0.1,1.5707963267948966
4.666666666666666,0.05,0.2,1.1630257025498028e-05,1.17275685047673e-21,False,0.1,0.0,0.1,1.5707963267948966
4.666666666666666,0.05,0.30000000000000004,5.169250344593338e-06,5.212501959466745e-22,False,0.1,0.0,0.1,1.5707963267948966
4.666666666666666,0.05,0.4,2.9077519948848695e-06,2.9320814355283625e-22,False,0.1,0.0,0.1,1.5707963267948966
4.666666666666666,0.05,0.5,1.8609756964342246e-06,1.8765466590971436e-22,False,0.1,0.0,0.1,1.5707963267948966
4.666666666666666,0.05,0.6,1.2923496732547665e-06,1.3031628872845053e-22,False,0.1,0.0,0.1,1.5707963267948966
4.666666666666666,0.05,0.7,9.494838023535918e-07,9.574282246605688e-23,False,0.1,0.0,0.1,1.5707963267948966
4.666666666666666,0.05,0.8,7.269497336408959e-07,7.33032191988971e-23,False,0.1,0.0,0.1,1.5707963267948966
4.666666666666666,0.05,0.9,5.743806851328483e-07,5.791865835761445e-23,False,0.1,0.0,0.1,1.5707963267948966
4.666666666666666,0.05,1.0,4.6524873079373087e-07,4.691415116774578e-23,False,0.1,0.0,0.1,1.5707963267948966
4.666666666666666,0.1,0.1,0.0001850821624756941,1.866307627325396e-20,False,0.1,0.0,0.1,1.5707963267948966
4.666666666666666,0.1,0.2,4.64610601996734e-05,4.6849804359543364e-21,False,0.1,0.0,0.1,1.5707963267948966
4.666666666666666,0.1,0.30000000000000004,2.0665143033221426e-05,2.083805027280049e-21,False,0.1,0.0,0.1,1.5707963267948966
4.666666666666666,0.1,0.4,1.1627254501835598e-05,1.172454085870057e-21,False,0.1,0.0,0.1,1.5707963267948966
4.666666666666666,0.1,0.5,7.442365091311938e-06,7.5046360759264465e-22,False,0.1,0.0,0.1,1.5707963267948966
4.666666666666666,0.1,0.6,5.1686570643992476e-06,5.211903715240202e-22,False,0.1,0.0,0.1,1.5707963267948966
4.666666666666666,0.1,0.7,3.797534873730564e-06,3.8293092133112965e-22,False,0.1,0.0,0.1,1.5707963267948966
4.666666666666666,0.1,0.8,2.907564256374507e-06,2.931892126191825e-22,False,0.1,0.0,0.1,1.5707963267948966
4.666666666666666,0.1,0.9,2.2973762283431593e-06,2.316598596234772e-22,False,0.1,0.0,0.1,1.5707963267948966
4.666666666666666,0.1,1.0,1.8608987947682014e-06,1.8764691139874831e-22,False,0.1,0.0,0.1,1.5707963267948966
4.666666666666666,0.15000000000000002,0.1,0.00040746365098667646,4.1087293854919915e-20,False,0.1,0.0,0.1,1.5707963267948966
4.666666666666666,0.15000000000000002,0.2,0.00010395801850774132,1.0482784524851857e-20,False,0.1,0.0,0.1,1.5707963267948966
4.666666666666666,0.15000000000000002,0.30000000000000004,4.638142293102331e-05,4.6769500758206004e-21,False,0.1,0.0,0.1,1.5707963267948966
4.666666666666666,0.15000000000000002,0.4,2.612481004901486e-05,2.6343398847691007e-21,False,0.1,0.0,0.1,1.5707963267948966
4.666666666666666,0.15000000000000002,0.5,1.6730350931908472e-05,1.6870335387480583e-21,False,0.1,0.0,0.1,1.5707963267948966
4.666666666666666,0.15000000000000002,0.6,1.1622254886687835e-05,1.171949941129194e-21,False,0.1,0.0,0.1,1.5707963267948966
4.666666666666666,0.15000000000000002,0.7,8.540553116992611e-06,8.61201274645482e-22,False,0.1,0.0,0.1,1.5707963267948966
4.666666666666666,0.15000000000000002,0.8,6.539732777066122e-06,6.594451350281386e-22,False,0.1,0.0,0.1,1.5707963267948966
4.666666666666666,0.15000000000000002,0.9,5.1676686674824865e-06,5.210907048311363e-22,False,0.1,0.0,0.1,1.5707963267948966
4.666666666666666,0.15000000000000002,1.0,4.186085380431542e-06,4.2211107594772667e-22,False,0.1,0.0,0.1,1.5707963267948966
4.666666666666666,0.2,0.1,0.0006856749977829143,6.914121064457689e-20,False,0.1,0.0,0.1,1.5707963267948966
4.666666666666666,0.2,0.2,0.00018211543568140027,1.8363921304978274e-20,False,0.1,0.0,0.1,1.5707963267948966
4.666666666666666,0.2,0.30000000000000004,8.191138462821828e-05,8.25967450626172e-21,False,0.1,0.0,0.1,1.5707963267948966
4.666666666666666,0.2,0.4,4.6270540618923525e-05,4.66576906831349e-21,False,0.1,0.0,0.1,1.5707963267948966
4.666666666666666,0.2,0.5,2.9671506696622934e-05,2.9919771047313228e-21,False,0.1,0.0,0.1,1.5707963267948966
4.666666666666666,0.2,0.6,2.062731790330719e-05,2.0799908656385785e-21,False,0.1,0.0,0.1,1.5707963267948966
4.666666666666666,0.2,0.7,1.5164579090478402e-05,1.5291462582438644e-21,False,0.1,0.0,0.1,1.5707963267948966
4.666666666666666,0.2,0.8,1.161526504991835e-05,1.1712451089885841e-21,False,0.1,0.0,0.1,1.5707963267948966
4.666666666666666,0.2,0.9,9.180141668551773e-06,9.256952796948138e-22,False,0.1,0.0,0.1,1.5707963267948966
4.666666666666666,0.2,1.0,7.43745015632952e-06,7.499680017210253e-22,False,0.1,0.0,0.1,1.5707963267948966
4.666666666666666,0.25,0.1,0.0009685990890648311,9.767034508144575e-20,False,0.1,0.0,0.1,1.5707963267948966
4.666666666666666,0.25,0.2,0.0002761818238031491,2.7849266368937417e-20,False,0.1,0.0,0.1,1.5707963267948966
4.666666666666666,0.25,0.30000000000000004,0.00012624092696538538,1.2729719694466383e-20,False,0.1,0.0,0.1,1.5707963267948966
4.666666666666666,0.25,0.4,7.1734651659204e-05,7.233486238993153e-21,False,0.1,0.0,0.1,1.5707963267948966
4.666666666666666,0.25,0.5,4.612901316037605e-05,4.6514979050727964e-21,False,0.1,0.0,0.1,1.5707963267948966
4.666666666666666,0.25,0.6,3.21174043690296e-05,3.2386133780820547e-21,False,0.1,0.0,0.1,1.5707963267948966
4.666666666666666,0.25,0.7,2.3633598347930287e-05,2.3831342938668983e-21,False,0.1,0.0,0.1,1.5707963267948966
4.666666666666666,0.25,0.8,1.8112992427627906e-05,1.8264545577593664e-21,False,0.1,0.0,0.1,1.5707963267948966
4.666666666666666,0.25,0.9,1.432155500719766e-05,1.4441384835560976e-21,False,0.1,0.0,0.1,1.5707963267948966
4.666666666666666,0.25,1.0,1.1606294576303902e-05,1.1703405559455774e-21,False,0.1,0.0,0.1,1.5707963267948966
4.666666666666666,0.3,0.1,0.001206246014469019,1.2163387909032198e-19,False,0.1,0.0,0.1,1.5707963267948966
4.666666666666666,0.3,0.2,0.0003780541223372039,3.8121733754455695e-20,False,0.1,0.0,0.1,1.5707963267948966
4.666666666666666,0.3,0.30000000000000004,0.00017744348460411758,1.789281713084324e-20,False,0.1,0.0,0.1,1.5707963267948966
4.666666666666666,0.3,0.4,0.00010186591274666903,1.027182346372997e-20,False,0.1,0.0,0.1,1.5707963267948966
4.666666666666666,0.3,0.5,6.582777312298099e-05,6.6378560432801864e-21,False,0.1,0.0,0.1,1.5707963267948966
4.666666666666666,0.3,0.6,4.59575978959425e-05,4.634212953828814e-21,False,0.1,0.0,0.1,1.5707963267948966
4.666666666666666,0.3,0.7,3.387404246251857e-05,3.415746983421216e-21,False,0.1,0.0,0.1,1.5707963267948966
4.666666666666666,0.3,0.8,2.5989504626935312e-05,2.6206961312129625e-21,False,0.1,0.0,0.1,1.5707963267948966
4.666666666666666,0.3,0.9,2.0564684719521555e-05,2.0736751414726613e-21,False,0.1,0.0,0.1,1.5707963267948966
4.666666666666666,0.3,1.0,1.66746989441811e-05,1.6814217754218625e-21,False,0.1,0.0,0.1,1.5707963267948966
5.555555555555555,0.05,0.1,3.282008886446889e-05,5.583677387285061e-21,False,0.1,0.0,0.1,1.5707963267948966
5.555555555555555,0.05,0.2,8.206517339196358e-06,1.3961737119134089e-21,False,0.1,0.0,0.1,1.5707963267948966
5.555555555555555,0.05,0.30000000000000004,3.6474641304789636e-06,6.205425911670008e-22,False,0.1,0.0,0.1,1.5707963267948966
5.555555555555555,0.05,0.4,2.051722808374938e-06,3.4905933062547575e-22,False,0.1,0.0,0.1,1.5707963267948966
5.555555555555555,0.05,0.5,1.3131097766190225e-06,2.2339919300670127e-22,False,0.1,0.0,0.1,1.5707963267948966
5.555555555555555,0.05,0.6,9.11884497574531e-07,1.5513878923207184e-22,False,0.1,0.0,0.1,1.5707963267948966
5.555555555555555,0.05,0.7,6.699571571591304e-07,1.139797227340553e-22,False,0.1,0.0,0.1,1.5707963267948966
5.555555555555555,0.05,0.8,5.129365446358574e-07,8.726582664728926e-23,False,0.1,0.0,0.1,1.5707963267948966
5.555555555555555,0.05,0.9,4.0528351872001114e-07,6.895083155506466e-23,False,0.1,0.0,0.1,1.5707963267948966
5.555555555555555,0.05,1.0,3.2827983728181603e-07,5.585020539406628e-23,False,0.1,0.0,0.1,1.5707963267948966
5.555555555555555,0.1,0.1,0.00013080434495739535,2.2253725945512068e-20,False,0.1,0.0,0.1,1.5707963267948966
5.555555555555555,0.1,0.2,3.279619592277557e-05,5.579612484267899e-21,False,0.1,0.0,0.1,1.5707963267948966
5.555555555555555,0.1,0.30000000000000004,1.4583951084735845e-05,2.4811656734199017e-21,False,0.1,0.0,0.1,1.5707963267948966
5.555555555555555,0.1,0.4,8.205022216117223e-06,1.3959193468212652e-21,False,0.1,0.0,0.1,1.5707963267948966
5.555555555555555,0.1,0.5,5.251673462099585e-06,8.934665130500716e-22,False,0.1,0.0,0.1,1.5707963267948966
5.555555555555555,0.1,0.6,3.647168731080887e-06,6.204923349063896e-22,False,0.1,0.0,0.1,1.5707963267948966
5.555555555555555,0.1,0.7,2.6796293036180836e-06,4.5588497979713905e-22,False,0.1,0.0,0.1,1.5707963267948966
5.555555555555555,0.1,0.8,2.0516293347990895e-06,3.490434279783522e-22,False,0.1,0.0,0.1,1.5707963267948966
5.555555555555555,0.1,0.9,1.621061128588188e-06,2.757909158772517e-22,False,0.1,0.0,0.1,1.5707963267948966
5.555555555555555,0.1,1.0,1.3130714884468555e-06,2.2339267904502336e-22,False,0.1,0.0,0.1,1.5707963267948966
5.555555555555555,0.15000000000000002,0.1,0.00028978589479955604,4.930123603955796e-20,False,0.1,0.0,0.1,1.5707963267948966
5.555555555555555,0.15000000000000002,0.2,7.350204994567194e-05,1.2504894057281433e-20,False,0.1,0.0,0.1,1.5707963267948966
5.555555555555555,0.15000000000000002,0.30000000000000004,3.275647727068772e-05,5.572855155229815e-21,False,0.1,0.0,0.1,1.5707963267948966
5.555555555555555,0.15000000000000002,0.4,1.844310653957087e-05,3.1377232816629533e-21,False,0.1,0.0,0.1,1.5707963267948966
5.555555555555555,0.15000000000000002,0.5,1.1808807988682676e-05,2.00903094472062e-21,False,0.1,0.0,0.1,1.5707963267948966
5.555555555555555,0.15000000000000002,0.6,8.202531957875299e-06,1.3954956795152031e-21,False,0.1,0.0,0.1,1.5707963267948966
5.555555555555555,0.15000000000000002,0.7,6.027223541689563e-06,1.025410745742318e-21,False,0.1,0.0,0.1,1.5707963267948966
5.555555555555555,0.15000000000000002,0.8,4.6150272379882624e-06,7.8515397495943665e-22,False,0.1,0.0,0.1,1.5707963267948966
5.555555555555555,0.15000000000000002,0.9,3.646676540496543e-06,6.204085985872289e-22,False,0.1,0.0,0.1,1.5707963267948966
5.555555555555555,0.15000000000000002,1.0,2.9539443282932158e-06,5.025541587441007e-22,False,0.1,0.0,0.1,1.5707963267948966
5.555555555555555,0.2,0.1,0.0004950769195800468,8.422737099345711e-20,False,0.1,0.0,0.1,1.5707963267948966
5.555555555555555,0.2,0.2,0.00012931157196886196,2.199976067397231e-20,False,0.1,0.0,0.1,1.5707963267948966
5.555555555555555,0.2,0.30000000000000004,5.796129423838213e-05,9.860947339694762e-21,False,0.1,0.0,0.1,1.5707963267948966
5.555555555555555,0.2,0.4,3.270108623934884e-05,5.563431486378017e-21,False,0.1,0.0,0.1,1.5707963267948966
5.555555555555555,0.2,0.5,2.095785401210128e-05,3.565556937296401e-21,False,0.1,0.0,0.1,1.5707963267948966
5.555555555555555,0.2,0.6,1.4565096446539854e-05,2.4779579363118413e-21,False,0.1,0.0,0.1,1.5707963267948966
5.555555555555555,0.2,0.7,1.0705781886472768e-05,1.8213732595166555e-21,False,0.1,0.0,0.1,1.5707963267948966
5.555555555555555,0.2,0.8,8.199048980693893e-06,1.3949031210669748e-21,False,0.1,0.0,0.1,1.5707963267948966
5.555555555555555,0.2,0.9,6.47958070873667e-06,1.1023702108750195e-21,False,0.1,0.0,0.1,1.5707963267948966
5.555555555555555,0.2,1.0,5.249225398863539e-06,8.930500243747908e-22,False,0.1,0.0,0.1,1.5707963267948966
5.555555555555555,0.25,0.1,0.0007170474888734077,1.2199119465415177e-19,False,0.1,0.0,0.1,1.5707963267948966
5.555555555555555,0.25,0.2,0.0001977605215870959,3.3644971439398196e-20,False,0.1,0.0,0.1,1.5707963267948966
5.555555555555555,0.25,0.30000000000000004,8.968411126679058e-05,1.5257946014316486e-20,False,0.1,0.0,0.1,1.5707963267948966
5.555555555555555,0.25,0.4,5.081304358090695e-05,8.644816398684416e-21,False,0.1,0.0,0.1,1.5707963267948966
5.555555555555555,0.25,0.5,3.2630235421788696e-05,5.551377646136606e-21,False,0.1,0.0,0.1,1.5707963267948966
5.555555555555555,0.25,0.6,2.2701628316010276e-05,3.8622250294966736e-21,False,0.1,0.0,0.1,1.5707963267948966
5.555555555555555,0.25,0.7,1.6697312255168387e-05,2.8407115304478984e-21,False,0.1,0.0,0.1,1.5707963267948966
5.555555555555555,0.25,0.8,1.279312760845938e-05,2.176493111733773e-21,False,0.1,0.0,0.1,1.5707963267948966
5.555555555555555,0.25,0.9,1.0113168018166015e-05,1.720551940308156e-21,False,0.1,0.0,0.1,1.5707963267948966
5.555555555555555,0.25,1.0,8.194576659081454e-06,1.3941422455812574e-21,False,0.1,0.0,0.1,1.5707963267948966
5.555555555555555,0.3,0.1,0.0009196903470853013,1.5646679737921077e-19,False,0.1,0.0,0.1,1.5707963267948966
5.555555555555555,0.3,0.2,0.0002744009180177042,4.6683791969998085e-20,False,0.1,0.0,0.1,1.5707963267948966
5.555555555555555,0.3,0.30000000000000004,0.00012692219805851324,2.1593256805927436e-20,False,0.1,0.0,0.1,1.5707963267948966
5.555555555555555,0.3,0.4,7.244647369988896e-05,1.2325309009889482e-20,False,0.1,0.0,0.1,1.5707963267948966
5.555555555555555,0.3,0.5,4.668675202973117e-05,7.942810961624536e-21,False,0.1,0.0,0.1,1.5707963267948966
5.555555555555555,0.3,0.6,3.254419464692211e-05,5.536739540463249e-21,False,0.1,0.0,0.1,1.5707963267948966
5.555555555555555,0.3,0.7,2.3964881796841217e-05,4.0771421774804234e-21,False,0.1,0.0,0.1,1.5707963267948966
5.555555555555555,0.3,0.8,1.8375512486417967e-05,3.126223514320355e-21,False,0.1,0.0,0.1,1.5707963267948966
5.555555555555555,0.3,0.9,1.4533816106377254e-05,2.4726362161680063e-21,False,0.1,0.0,0.1,1.5707963267948966
5.555555555555555,0.3,1.0,1.1781039973609856e-05,2.004306775980792e-21,False,0.1,0.0,0.1,1.5707963267948966
6.444444444444445,0.05,0.1,2.4392194228373642e-05,6.477466264209428e-21,False,0.1,0.0,0.1,1.5707963267948966
6.444444444444445,0.05,0.2,6.098874386137105e-06,1.6195858689867487e-21,False,0.1,0.0,0.1,1.5707963267948966
6.444444444444445,0.05,0.30000000000000004,2.710678822298954e-06,7.198339952591925e-22,False,0.1,0.0,0.1,1.5707963267948966
6.444444444444445,0.05,0.4,1.524770222500527e-06,4.049101767740718e-22,False,0.1,0.0,0.1,1.5707963267948966
6.444444444444445,0.05,0.5,9.758569074750264e-07,2.591435660803478e-22,False,0.1,0.0,0.1,1.5707963267948966
6.444444444444445,0.05,0.6,6.77679903722755e-07,1.7996120698279302e-22,False,0.1,0.0,0.1,1.5707963267948966
6.444444444444445,0.05,0.7,4.978879388224804e-07,1.3221657292839684e-22,False,0.1,0.0,0.1,1.5707963267948966
6.444444444444445,0.05,0.8,3.81195782430113e-07,1.0122840108733453e-22,False,0.1,0.0,0.1,1.5707963267948966
6.444444444444445,0.05,0.9,3.011919076949312e-07,7.998298155880491e-23,False,0.1,0.0,0.1,1.5707963267948966
6.444444444444445,0.05,1.0,2.439655485770274e-07,6.478624250617108e-23,False,0.1,0.0,0.1,1.5707963267948966
6.444444444444445,0.1,0.1,9.73055099625443e-05,2.5839953232698574e-20,False,0.1,0.0,0.1,1.5707963267948966
6.444444444444445,0.1,0.2,2.4378992883018386e-05,6.473960582499113e-21,False,0.1,0.0,0.1,1.5707963267948966
6.444444444444445,0.1,0.30000000000000004,1.0839453256355187e-05,2.8784697322901388e-21,False,0.1,0.0,0.1,1.5707963267948966
6.444444444444445,0.1,0.4,6.0980485570934105e-06,1.619366566052357e-21,False,0.1,0.0,0.1,1.5707963267948966
6.444444444444445,0.1,0.5,3.903004747402205e-06,1.0364619658094891e-21,False,0.1,0.0,0.1,1.5707963267948966
6.444444444444445,0.1,0.6,2.7105156682993353e-06,7.197906689180481e-22,False,0.1,0.0,0.1,1.5707963267948966
6.444444444444445,0.1,0.7,1.9914416666786524e-06,5.288370571453933e-22,False,0.1,0.0,0.1,1.5707963267948966
6.444444444444445,0.1,0.8,1.5247185965342763e-06,4.0489646724668716e-22,False,0.1,0.0,0.1,1.5707963267948966
6.444444444444445,0.1,0.9,1.2047273424885211e-06,3.199212274827962e-22,False,0.1,0.0,0.1,1.5707963267948966
6.444444444444445,0.1,1.0,9.758357609064582e-07,2.5913795050582336e-22,False,0.1,0.0,0.1,1.5707963267948966
6.444444444444445,0.15000000000000002,0.1,0.00021641904347024368,5.747113358831455e-20,False,0.1,0.0,0.1,1.5707963267948966
6.444444444444445,0.15000000000000002,0.2,5.469258472056789e-05,1.4523882891101244e-20,False,0.1,0.0,0.1,1.5707963267948966
6.444444444444445,0.15000000000000002,0.30000000000000004,2.4357032931553298e-05,6.468129010175319e-21,False,0.1,0.0,0.1,1.5707963267948966
6.444444444444445,0.15000000000000002,0.4,1.3710556110637126e-05,3.640905112459979e-21,False,0.1,0.0,0.1,1.5707963267948966
6.444444444444445,0.15000000000000002,0.5,8.777640751722421e-06,2.330945355563562e-21,False,0.1,0.0,0.1,1.5707963267948966
6.444444444444445,0.15000000000000002,0.6,6.096672837818561e-06,1.6190012370824237e-21,False,0.1,0.0,0.1,1.5707963267948966
6.444444444444445,0.15000000000000002,0.7,4.47967080785792e-06,1.1895984535458571e-21,False,0.1,0.0,0.1,1.5707963267948966
6.444444444444445,0.15000000000000002,0.8,3.4299878329560225e-06,9.108500148288137e-22,False,0.1,0.0,0.1,1.5707963267948966
6.444444444444445,0.15000000000000002,0.9,2.710243803152626e-06,7.197184738010472e-22,False,0.1,0.0,0.1,1.5707963267948966
6.444444444444445,0.15000000000000002,1.0,2.1953727860088764e-06,5.829919615101438e-22,False,0.1,0.0,0.1,1.5707963267948966
6.444444444444445,0.2,0.1,0.00037334742367300223,9.914423110235377e-20,False,0.1,0.0,0.1,1.5707963267948966
6.444444444444445,0.2,0.2,9.647564133241944e-05,2.5619577566408305e-20,False,0.1,0.0,0.1,1.5707963267948966
6.444444444444445,0.2,0.30000000000000004,4.315045751389315e-05,1.1458814660729324e-20,False,0.1,0.0,0.1,1.5707963267948966
6.444444444444445,0.2,0.4,2.4326377490636074e-05,6.4599883081746436e-21,False,0.1,0.0,0.1,1.5707963267948966
6.444444444444445,0.2,0.5,1.5585020816745562e-05,4.13867836662442e-21,False,0.1,0.0,0.1,1.5707963267948966
6.444444444444445,0.2,0.6,1.0829032315223415e-05,2.875702400495779e-21,False,0.1,0.0,0.1,1.5707963267948966
6.444444444444445,0.2,0.7,7.958729813175516e-06,2.1134795577691443e-21,False,0.1,0.0,0.1,1.5707963267948966
6.444444444444445,0.2,0.8,6.0947482207545965e-06,1.6184901456247782e-21,False,0.1,0.0,0.1,1.5707963267948966
6.444444444444445,0.2,0.9,4.816332872363788e-06,1.2790007084171794e-21,False,0.1,0.0,0.1,1.5707963267948966
6.444444444444445,0.2,1.0,3.901652344009168e-06,1.0361028284858035e-21,False,0.1,0.0,0.1,1.5707963267948966
6.444444444444445,0.25,0.1,0.0005500797965278862,1.460763755516447e-19,False,0.1,0.0,0.1,1.5707963267948966
6.444444444444445,0.25,0.2,0.00014833225731497558,3.939035511344602e-20,False,0.1,0.0,0.1,1.5707963267948966
6.444444444444445,0.25,0.30000000000000004,6.693243340117822e-05,1.7774234465272352e-20,False,0.1,0.0,0.1,1.5707963267948966
6.444444444444445,0.25,0.4,3.7853285996144124e-05,1.0052124902493574e-20,False,0.1,0.0,0.1,1.5707963267948966
6.444444444444445,0.25,0.5,2.4287114288926985e-05,6.449561773271128e-21,False,0.1,0.0,0.1,1.5707963267948966
6.444444444444445,0.25,0.6,1.688918657007826e-05,4.485005949582219e-21,False,0.1,0.0,0.1,1.5707963267948966
6.444444444444445,0.25,0.7,1.2418660826979682e-05,3.2978360126309762e-21,False,0.1,0.0,0.1,1.5707963267948966
6.444444444444445,0.25,0.8,9.513154285652756e-06,2.5262645654016532e-21,False,0.1,0.0,0.1,1.5707963267948966
6.444444444444445,0.25,0.9,7.519341664775428e-06,1.9967978897933974e-21,False,0.1,0.0,0.1,1.5707963267948966
6.444444444444445,0.25,1.0,6.092276092814801e-06,1.617833659981014e-21,False,0.1,0.0,0.1,1.5707963267948966
6.444444444444445,0.3,0.1,0.0007216117047832957,1.9162751123698746e-19,False,0.1,0.0,0.1,1.5707963267948966
6.444444444444445,0.3,0.2,0.0002076519607234648,5.514299196250974e-20,False,0.1,0.0,0.1,1.5707963267948966
6.444444444444445,0.3,0.30000000000000004,9.513372664183252e-05,2.526322556886588e-20,False,0.1,0.0,0.1,1.5707963267948966
6.444444444444445,0.3,0.4,5.410476086756089e-05,1.4367783397078632e-20,False,0.1,0.0,0.1,1.5707963267948966
6.444444444444445,0.3,0.5,3.4806269818427196e-05,9.242974880446634e-21,False,0.1,0.0,0.1,1.5707963267948966
6.444444444444445,0.3,0.6,2.4239355042610555e-05,6.43687907224299e-21,False,0.1,0.0,0.1,1.5707963267948966
6.444444444444445,0.3,0.7,1.7838961571691562e-05,4.7372233382246604e-21,False,0.1,0.0,0.1,1.5707963267948966
6.444444444444445,0.3,0.8,1.3673146180141958e-05,3.630970722775308e-21,False,0.1,0.0,0.1,1.5707963267948966
6.444444444444445,0.3,0.9,1.0811723329171589e-05,2.871105914744286e-21,False,0.1,0.0,0.1,1.5707963267948966
6.444444444444445,0.3,1.0,8.762284100132434e-06,2.3268673217600404e-21,False,0.1,0.0,0.1,1.5707963267948966
7.333333333333333,0.05,0.1,1.883808887586948e-05,7.371208829873652e-21,False,0.1,0.0,0.1,1.5707963267948966
7.333333333333333,0.05,0.2,4.7100147755722696e-06,1.842994941329006e-21,False,0.1,0.0,0.1,1.5707963267948966
7.333333333333333,0.05,0.30000000000000004,2.0933804465932332e-06,8.191247283039839e-22,False,0.1,0.0,0.1,1.5707963267948966
7.333333333333333,0.05,0.4,1.1775344840474776e-06,4.6076078329845225e-22,False,0.1,0.0,0.1,1.5707963267948966
7.333333333333333,0.05,0.5,7.536244345665834e-07,2.9488782663094523e-22,False,0.1,0.0,0.1,1.5707963267948966
7.333333333333333,0.05,0.6,5.233511938504612e-07,2.0478356199799922e-22,False,0.1,0.0,0.1,1.5707963267948966
7.333333333333333,0.05,0.7,3.845033131160986e-07,1.5045338385612874e-22,False,0.1,0.0,0.1,1.5707963267948966
7.333333333333333,0.05,0.8,2.9438554548038866e-07,1.1519094885531779e-22,False,0.1,0.0,0.1,1.5707963267948966
7.333333333333333,0.05,0.9,2.3260103120216838e-07,9.101511232550678e-23,False,0.1,0.0,0.1,1.5707963267948966
7.333333333333333,0.05,1.0,1.8840689690807374e-07,7.372226510072603e-23,False,0.1,0.0,0.1,1.5707963267948966
7.333333333333333,0.1,0.1,7.519519763973601e-05,2.9423340576554824e-20,False,0.1,0.0,0.1,1.5707963267948966
7.333333333333333,0.1,0.2,1.8830213461572783e-05,7.368127236842361e-21,False,0.1,0.0,0.1,1.5707963267948966
7.333333333333333,0.1,0.30000000000000004,8.371576114828027e-06,3.275737585919608e-21,False,0.1,0.0,0.1,1.5707963267948966
7.333333333333333,0.1,0.4,4.70952221896737e-06,1.842802207468413e-21,False,0.1,0.0,0.1,1.5707963267948966
7.333333333333333,0.1,0.5,3.0142455225560988e-06,1.1794526163284768e-21,False,0.1,0.0,0.1,1.5707963267948966
7.333333333333333,0.1,0.6,2.093283138898087e-06,8.190866525020062e-22,False,0.1,0.0,0.1,1.5707963267948966
7.333333333333333,0.1,0.7,1.537947594579701e-06,6.01787843965971e-22,False,0.1,0.0,0.1,1.5707963267948966
7.333333333333333,0.1,0.8,1.1775036938930674e-06,4.607487353322515e-22,False,0.1,0.0,0.1,1.5707963267948966
7.333333333333333,0.1,0.9,9.303800966728912e-07,3.64051047265132e-22,False,0.1,0.0,0.1,1.5707963267948966
7.333333333333333,0.1,1.0,7.536118226555143e-07,2.9488289168075756e-22,False,0.1,0.0,0.1,1.5707963267948966
7.333333333333333,0.15000000000000002,0.1,0.00016767936166812875,6.561172948381899e-20,False,0.1,0.0,0.1,1.5707963267948966
7.333333333333333,0.15000000000000002,0.2,4.2272340958479716e-05,1.654086330018938e-20,False,0.1,0.0,0.1,1.5707963267948966
7.333333333333333,0.15000000000000002,0.30000000000000004,1.8817107264275962e-05,7.36299887600507e-21,False,0.1,0.0,0.1,1.5707963267948966
7.333333333333333,0.15000000000000002,0.4,1.0590427326034923e-05,4.143958122938877e-21,False,0.1,0.0,0.1,1.5707963267948966
7.333333333333333,0.15000000000000002,0.5,6.779594784963382e-06,2.6528067295563647e-21,False,0.1,0.0,0.1,1.5707963267948966
7.333333333333333,0.15000000000000002,0.6,4.708701596468527e-06,1.842481103780596e-21,False,0.1,0.0,0.1,1.5707963267948966
7.333333333333333,0.15000000000000002,0.7,3.4597421177179615e-06,1.3537722332266749e-21,False,0.1,0.0,0.1,1.5707963267948966
7.333333333333333,0.15000000000000002,0.8,2.6490081401854213e-06,1.0365378527518338e-21,False,0.1,0.0,0.1,1.5707963267948966
7.333333333333333,0.15000000000000002,0.9,2.093120986207719e-06,8.190232033192943e-22,False,0.1,0.0,0.1,1.5707963267948966
7.333333333333333,0.15000000000000002,1.0,1.6954729153135833e-06,6.634263701866238e-22,False,0.1,0.0,0.1,1.5707963267948966
7.333333333333333,0.2,0.1,0.00029117794420251597,1.1393583752114972e-19,False,0.1,0.0,0.1,1.5707963267948966
7.333333333333333,0.2,0.2,7.469811465862658e-05,2.9228835577471435e-20,False,0.1,0.0,0.1,1.5707963267948966
7.333333333333333,0.2,0.30000000000000004,3.336243408976943e-05,1.305448075805596e-20,False,0.1,0.0,0.1,1.5707963267948966
7.333333333333333,0.2,0.4,1.8798799409934003e-05,7.355835144138706e-21,False,0.1,0.0,0.1,1.5707963267948966
7.333333333333333,0.2,0.5,1.2040870842652133e-05,4.71150624989442e-21,False,0.1,0.0,0.1,1.5707963267948966
7.333333333333333,0.2,0.6,8.36535805946687e-06,3.2733045055320576e-21,False,0.1,0.0,0.1,1.5707963267948966
7.333333333333333,0.2,0.7,6.147592336133215e-06,2.405508712118612e-21,False,0.1,0.0,0.1,1.5707963267948966
7.333333333333333,0.2,0.8,4.707553365393196e-06,1.8420318092105903e-21,False,0.1,0.0,0.1,1.5707963267948966
7.333333333333333,0.2,0.9,3.71998348570044e-06,1.4556028107449744e-21,False,0.1,0.0,0.1,1.5707963267948966
7.333333333333333,0.2,1.0,3.0134388103018967e-06,1.1791369556194462e-21,False,0.1,0.0,0.1,1.5707963267948966
7.333333333333333,0.25,0.1,0.0004342366541457665,1.6991368287863694e-19,False,0.1,0.0,0.1,1.5707963267948966
7.333333333333333,0.25,0.2,0.000115260928847789,4.5100773335376187e-20,False,0.1,0.0,0.1,1.5707963267948966
7.333333333333333,0.25,0.30000000000000004,5.183492065560731e-05,2.028263203078117e-20,False,0.1,0.0,0.1,1.5707963267948966
7.333333333333333,0.25,0.4,2.927940050263734e-05,1.1456819051050682e-20,False,0.1,0.0,0.1,1.5707963267948966
7.333333333333333,0.25,0.5,1.8775330448414575e-05,7.346651908115142e-21,False,0.1,0.0,0.1,1.5707963267948966
7.333333333333333,0.25,0.6,1.3052253518234637e-05,5.1072530243023365e-21,False,0.1,0.0,0.1,1.5707963267948966
7.333333333333333,0.25,0.7,9.595551137398223e-06,3.754670218277614e-21,False,0.1,0.0,0.1,1.5707963267948966
7.333333333333333,0.25,0.8,7.349649424038518e-06,2.8758650141174693e-21,False,0.1,0.0,0.1,1.5707963267948966
7.333333333333333,0.25,0.9,5.80878718643124e-06,2.2729366912758344e-21,False,0.1,0.0,0.1,1.5707963267948966
7.333333333333333,0.25,1.0,4.706078165093872e-06,1.841454573932433e-21,False,0.1,0.0,0.1,1.5707963267948966
7.333333333333333,0.3,0.1,0.0005794799963276179,2.26746359135018e-19,False,0.1,0.0,0.1,1.5707963267948966
7.333333333333333,0.3,0.2,0.00016233981238767436,6.35224022137875e-20,False,0.1,0.0,0.1,1.5707963267948966
7.333333333333333,0.3,0.30000000000000004,7.388884777480702e-05,2.891217526022575e-20,False,0.1,0.0,0.1,1.5707963267948966
7.333333333333333,0.3,0.4,4.1919840417032166e-05,1.640293237095474e-20,False,0.1,0.0,0.1,1.5707963267948966
7.333333333333333,0.3,0.5,2.693635600303327e-05,1.0540002572581272e-20,False,0.1,0.0,0.1,1.5707963267948966
7.333333333333333,0.3,0.6,1.8746752129840136e-05,7.335469417385486e-21,False,0.1,0.0,0.1,1.5707963267948966
7.333333333333333,0.3,0.7,1.3791349693024828e-05,5.396456047264921e-21,False,0.1,0.0,0.1,1.5707963267948966
7.333333333333333,0.3,0.8,1.0568085239619917e-05,4.135215825047341e-21,False,0.1,0.0,0.1,1.5707963267948966
7.333333333333333,0.3,0.9,8.355021959970665e-06,3.2692600640616457e-21,False,0.1,0.0,0.1,1.5707963267948966
7.333333333333333,0.3,1.0,6.770427987204079e-06,2.6492198274544427e-21,False,0.1,0.0,0.1,1.5707963267948966
8.222222222222221,0.05,0.1,1.498558351806907e-05,8.26491976952433e-21,False,0.1,0.0,0.1,1.5707963267948966
8.222222222222221,0.05,0.2,3.7467075715159905e-06,2.0664018482237303e-21,False,0.1,0.0,0.1,1.5707963267948966
8.222222222222221,0.05,0.30000000000000004,1.6652290221536238e-06,9.184149719220643e-22,False,0.1,0.0,0.1,1.5707963267948966
8.222222222222221,0.05,0.4,9.366963763303525e-07,5.166112076610062e-22,False,0.1,0.0,0.1,1.5707963267948966
8.222222222222221,0.05,0.5,5.994871772269695e-07,3.3063199819114836e-22,False,0.1,0.0,0.1,1.5707963267948966
8.222222222222221,0.05,0.6,4.1631110422022156e-07,2.296058656236808e-22,False,0.1,0.0,0.1,1.5707963267948966
8.222222222222221,0.05,0.7,3.058614694905828e-07,1.686901616397123e-22,False,0.1,0.0,0.1,1.5707963267948966
8.222222222222221,0.05,0.8,2.3417531184051392e-07,1.2915347353885186e-22,False,0.1,0.0,0.1,1.5707963267948966
8.222222222222221,0.05,0.9,1.8502747419977265e-07,1.0204722609399595e-22,False,0.1,0.0,0.1,1.5707963267948966
8.222222222222221,0.05,1.0,1.4987229310246392e-07,8.265827464595828e-23,False,0.1,0.0,0.1,1.5707963267948966
8.222222222222221,0.1,0.1,5.984282445281371e-05,3.300479706298177e-20,False,0.1,0.0,0.1,1.5707963267948966
8.222222222222221,0.1,0.2,1.4980599210748668e-05,8.262170800819835e-21,False,0.1,0.0,0.1,1.5707963267948966
8.222222222222221,0.1,0.30000000000000004,6.659684829152214e-06,3.6729808176567866e-21,False,0.1,0.0,0.1,1.5707963267948966
8.222222222222221,0.1,0.4,3.7463958795172676e-06,2.0662299423810825e-21,False,0.1,0.0,0.1,1.5707963267948966
8.222222222222221,0.1,0.5,2.3977891091498426e-06,1.3224399695525638e-21,False,0.1,0.0,0.1,1.5707963267948966
8.222222222222221,0.1,0.6,1.6651674470395977e-06,9.183810117244775e-22,False,0.1,0.0,0.1,1.5707963267948966
8.222222222222221,0.1,0.7,1.223404330789145e-06,6.747377322657475e-22,False,0.1,0.0,0.1,1.5707963267948966
8.222222222222221,0.1,0.8,9.366768928789976e-07,5.166004620559326e-22,False,0.1,0.0,0.1,1.5707963267948966
8.222222222222221,0.1,0.9,7.400946922898399e-07,4.081805187132607e-22,False,0.1,0.0,0.1,1.5707963267948966
8.222222222222221,0.1,1.0,5.994791966724962e-07,3.3062759671806864e-22,False,0.1,0.0,0.1,1.5707963267948966
8.222222222222221,0.15000000000000002,0.1,0.00013368748133953093,7.37319508532141e-20,False,0.1,0.0,0.1,1.5707963267948966
8.222222222222221,0.15000000000000002,0.2,3.364577443254439e-05,1.8556476358307578e-20,False,0.1,0.0,0.1,1.5707963267948966
8.222222222222221,0.15000000000000002,0.30000000000000004,1.4972301849074844e-05,8.257594600737255e-21,False,0.1,0.0,0.1,1.5707963267948966
8.222222222222221,0.15000000000000002,0.4,8.42559468481732e-06,4.646923758196014e-21,False,0.1,0.0,0.1,1.5707963267948966
8.222222222222221,0.15000000000000002,0.5,5.393470134153935e-06,2.9746321112126904e-21,False,0.1,0.0,0.1,1.5707963267948966
8.222222222222221,0.15000000000000002,0.6,3.7458765464846505e-06,2.065943517375138e-21,False,0.1,0.0,0.1,1.5707963267948966
8.222222222222221,0.15000000000000002,0.7,2.752254757140744e-06,1.517936537181366e-21,False,0.1,0.0,0.1,1.5707963267948966
8.222222222222221,0.15000000000000002,0.8,2.107285596664825e-06,1.1622201008661924e-21,False,0.1,0.0,0.1,1.5707963267948966
8.222222222222221,0.15000000000000002,0.9,1.6650648353410082e-06,9.183244188360367e-22,False,0.1,0.0,0.1,1.5707963267948966
8.222222222222221,0.15000000000000002,1.0,1.3487309405821119e-06,7.43858455771536e-22,False,0.1,0.0,0.1,1.5707963267948966
8.222222222222221,0.2,0.1,0.00023323413636907995,1.2863439199951328e-19,False,0.1,0.0,0.1,1.5707963267948966
8.222222222222221,0.2,0.2,5.9527333249613195e-05,3.283079586514393e-20,False,0.1,0.0,0.1,1.5707963267948966
8.222222222222221,0.2,0.30000000000000004,2.6560267581861555e-05,1.4648644169010592e-20,False,0.1,0.0,0.1,1.5707963267948966
8.222222222222221,0.2,0.4,1.4960706113203428e-05,8.251199265745443e-21,False,0.1,0.0,0.1,1.5707963267948966
8.222222222222221,0.2,0.5,9.580957439888658e-06,5.284134879394424e-21,False,0.1,0.0,0.1,1.5707963267948966
8.222222222222221,0.2,0.6,6.6557488742012064e-06,3.6708100412003796e-21,False,0.1,0.0,0.1,1.5707963267948966
8.222222222222221,0.2,0.7,4.890960349347386e-06,2.697485542324046e-21,False,0.1,0.0,0.1,1.5707963267948966
8.222222222222221,0.2,0.8,3.745149802687167e-06,2.0655427002049586e-21,False,0.1,0.0,0.1,1.5707963267948966
8.222222222222221,0.2,0.9,2.9594061334921635e-06,1.6321856422380124e-21,False,0.1,0.0,0.1,1.5707963267948966
8.222222222222221,0.2,1.0,2.3972785802246176e-06,1.3221584002294929e-21,False,0.1,0.0,0.1,1.5707963267948966
8.222222222222221,0.25,0.1,0.0003509005059307893,1.9353030364860716e-19,False,0.1,0.0,0.1,1.5707963267948966
8.222222222222221,0.25,0.2,9.208327057793292e-05,5.078620011855771e-20,False,0.1,0.0,0.1,1.5707963267948966
8.222222222222221,0.25,0.30000000000000004,4.131376971208257e-05,2.2785565315841904e-20,False,0.1,0.0,0.1,1.5707963267948966
8.222222222222221,0.25,0.4,2.331667377064573e-05,1.2859721997091142e-20,False,0.1,0.0,0.1,1.5707963267948966
8.222222222222221,0.25,0.5,1.4945832464471046e-05,8.242996080777368e-21,False,0.1,0.0,0.1,1.5707963267948966
8.222222222222221,0.25,0.6,1.0387815394581676e-05,5.729136987780762e-21,False,0.1,0.0,0.1,1.5707963267948966
8.222222222222221,0.25,0.7,7.635754293849819e-06,4.211307256896286e-21,False,0.1,0.0,0.1,1.5707963267948966
8.222222222222221,0.25,0.8,5.848059530300151e-06,3.225349401112997e-21,False,0.1,0.0,0.1,1.5707963267948966
8.222222222222221,0.25,0.9,4.6217380740014476e-06,2.549002802014333e-21,False,0.1,0.0,0.1,1.5707963267948966
8.222222222222221,0.25,1.0,3.744215970144131e-06,2.065027668472156e-21,False,0.1,0.0,0.1,1.5707963267948966
8.222222222222221,0.3,0.1,0.0004744463199171829,2.616688742439343e-19,False,0.1,0.0,0.1,1.5707963267948966
8.222222222222221,0.3,0.2,0.00013025861516473186,7.184084639265176e-20,False,0.1,0.0,0.1,1.5707963267948966
8.222222222222221,0.3,0.30000000000000004,5.9011262546355677e-05,3.254617011448948e-20,False,0.1,0.0,0.1,1.5707963267948966
8.222222222222221,0.3,0.4,3.342187033488271e-05,1.8432987713303516e-20,False,0.1,0.0,0.1,1.5707963267948966
8.222222222222221,0.3,0.5,2.1458461392587114e-05,1.183487193363693e-20,False,0.1,0.0,0.1,1.5707963267948966
8.222222222222221,0.3,0.6,1.4927707055412264e-05,8.232999469602367e-21,False,0.1,0.0,0.1,1.5707963267948966
8.222222222222221,0.3,0.7,1.0978854999755661e-05,6.055109941151866e-21,False,0.1,0.0,0.1,1.5707963267948966
8.222222222222221,0.3,0.8,8.411443608136091e-06,4.63911908957689e-21,False,0.1,0.0,0.1,1.5707963267948966
8.222222222222221,0.3,0.9,6.649202716979296e-06,3.667199673664638e-21,False,0.1,0.0,0.1,1.5707963267948966
8.222222222222221,0.3,1.0,5.38766605133864e-06,2.9714310160570532e-21,False,0.1,0.0,0.1,1.5707963267948966
9.11111111111111,0.05,0.1,1.2204453415842209e-05,9.158608042577049e-21,False,0.1,0.0,0.1,1.5707963267948966
9.11111111111111,0.05,0.2,3.0513200880166712e-06,2.2898071504218936e-21,False,0.1,0.0,0.1,1.5707963267948966
9.11111111111111,0.05,0.30000000000000004,1.3561592783113368e-06,1.0177048369273958e-21,False,0.1,0.0,0.1,1.5707963267948966
9.11111111111111,0.05,0.4,7.628429443418839e-07,5.724614849366118e-22,False,0.1,0.0,0.1,1.5707963267948966
9.11111111111111,0.05,0.5,4.882204768394481e-07,3.6637609513330313e-22,False,0.1,0.0,0.1,1.5707963267948966
9.11111111111111,0.05,0.6,3.3904237219175447e-07,2.5442812479411e-22,False,0.1,0.0,0.1,1.5707963267948966
9.11111111111111,0.05,0.7,2.490925209322687e-07,1.8692691002406817e-22,False,0.1,0.0,0.1,1.5707963267948966
9.11111111111111,0.05,0.8,1.9071154375438105e-07,1.4311597733446104e-22,False,0.1,0.0,0.1,1.5707963267948966
9.11111111111111,0.05,0.9,1.5068570884607104e-07,1.1307932423648105e-22,False,0.1,0.0,0.1,1.5707963267948966
9.11111111111111,0.05,1.0,1.2205545003216841e-07,9.159427204285308e-23,False,0.1,0.0,0.1,1.5707963267948966
9.11111111111111,0.1,0.1,4.8751784040180166e-05,3.658488145161734e-20,False,0.1,0.0,0.1,1.5707963267948966
9.11111111111111,0.1,0.2,1.2201147164465436e-05,9.156126926920466e-21,False,0.1,0.0,0.1,1.5707963267948966
9.11111111111111,0.1,0.30000000000000004,5.423820448953007e-06,4.0702064969819796e-21,False,0.1,0.0,0.1,1.5707963267948966
9.11111111111111,0.1,0.4,3.0511133539605522e-06,2.2896520106442622e-21,False,0.1,0.0,0.1,1.5707963267948966
9.11111111111111,0.1,0.5,1.952776052253322e-06,1.4654249435131249e-21,False,0.1,0.0,0.1,1.5707963267948966
9.11111111111111,0.1,0.6,1.356118438538494e-06,1.0176741894695154e-21,False,0.1,0.0,0.1,1.5707963267948966
9.11111111111111,0.1,0.7,9.96342527671331e-07,7.476869611585543e-22,False,0.1,0.0,0.1,1.5707963267948966
9.11111111111111,0.1,0.8,7.628300220041678e-07,5.724517876054734e-22,False,0.1,0.0,0.1,1.5707963267948966
9.11111111111111,0.1,0.9,6.027327510698463e-07,4.523097293572607e-22,False,0.1,0.0,0.1,1.5707963267948966
9.11111111111111,0.1,1.0,4.882151837781888e-07,3.663721230526398e-22,False,0.1,0.0,0.1,1.5707963267948966
9.11111111111111,0.15000000000000002,0.1,0.00010905386958128404,8.183747464878766e-20,False,0.1,0.0,0.1,1.5707963267948966
9.11111111111111,0.15000000000000002,0.2,2.741237939523744e-05,2.0571116939125114e-20,False,0.1,0.0,0.1,1.5707963267948966
9.11111111111111,0.15000000000000002,0.30000000000000004,1.2195642050210218e-05,9.151995714978789e-21,False,0.1,0.0,0.1,1.5707963267948966
9.11111111111111,0.15000000000000002,0.4,6.862486934890792e-06,5.149827353381192e-21,False,0.1,0.0,0.1,1.5707963267948966
9.11111111111111,0.15000000000000002,0.5,4.392714428000164e-06,3.296431910404425e-21,False,0.1,0.0,0.1,1.5707963267948966
9.11111111111111,0.15000000000000002,0.6,3.0507688801912383e-06,2.2893935066271958e-21,False,0.1,0.0,0.1,1.5707963267948966
9.11111111111111,0.15000000000000002,0.7,2.241502068528205e-06,1.6820940826098302e-21,False,0.1,0.0,0.1,1.5707963267948966
9.11111111111111,0.15000000000000002,0.8,1.7162100813406682e-06,1.2878983530155721e-21,False,0.1,0.0,0.1,1.5707963267948966
9.11111111111111,0.15000000000000002,0.9,1.356050379538023e-06,1.0176231158418942e-21,False,0.1,0.0,0.1,1.5707963267948966
9.11111111111111,0.15000000000000002,1.0,1.0984196602999432e-06,8.242888716252752e-22,False,0.1,0.0,0.1,1.5707963267948966
9.11111111111111,0.2,0.1,0.00019090716921337018,1.4326278086928422e-19,False,0.1,0.0,0.1,1.5707963267948966
9.11111111111111,0.2,0.2,4.8542080542900214e-05,3.642751331137341e-20,False,0.1,0.0,0.1,1.5707963267948966
9.11111111111111,0.2,0.30000000000000004,2.1643193065213867e-05,1.6241736956184417e-20,False,0.1,0.0,0.1,1.5707963267948966
9.11111111111111,0.2,0.4,1.2187946010045041e-05,9.146220362904336e-21,False,0.1,0.0,0.1,1.5707963267948966
9.11111111111111,0.2,0.5,7.80433779640095e-06,5.856622043910951e-21,False,0.1,0.0,0.1,1.5707963267948966
9.11111111111111,0.2,0.6,5.421209325013262e-06,4.0682470269508455e-21,False,0.1,0.0,0.1,1.5707963267948966
9.11111111111111,0.2,0.7,3.9836076278954766e-06,2.989425221776478e-21,False,0.1,0.0,0.1,1.5707963267948966
9.11111111111111,0.2,0.8,3.050286791116359e-06,2.2890317317301165e-21,False,0.1,0.0,0.1,1.5707963267948966
9.11111111111111,0.2,0.9,2.4102858528213123e-06,1.808754775359647e-21,False,0.1,0.0,0.1,1.5707963267948966
9.11111111111111,0.2,1.0,1.9524374187172715e-06,1.4651708221919086e-21,False,0.1,0.0,0.1,1.5707963267948966
9.11111111111111,0.25,0.1,0.00028911491454454067,2.1696098066460437e-19,False,0.1,0.0,0.1,1.5707963267948966
9.11111111111111,0.25,0.2,7.522771868329865e-05,5.645326061577148e-20,False,0.1,0.0,0.1,1.5707963267948966
9.11111111111111,0.25,0.30000000000000004,3.369336569119258e-05,2.5284567811966294e-20,False,0.1,0.0,0.1,1.5707963267948966
9.11111111111111,0.25,0.4,1.9004190157209924e-05,1.4261345665063146e-20,False,0.1,0.0,0.1,1.5707963267948966
9.11111111111111,0.25,0.5,1.2178070115683566e-05,9.138809179261383e-21,False,0.1,0.0,0.1,1.5707963267948966
9.11111111111111,0.25,0.6,8.462813237424416e-06,6.350762851738421e-21,False,0.1,0.0,0.1,1.5707963267948966
9.11111111111111,0.25,0.7,6.220159158606443e-06,4.6678042641527824e-21,False,0.1,0.0,0.1,1.5707963267948966
9.11111111111111,0.25,0.8,4.76359361890134e-06,3.574751391406564e-21,False,0.1,0.0,0.1,1.5707963267948966
9.11111111111111,0.25,0.9,3.764523171895804e-06,2.8250173132569835e-21,False,0.1,0.0,0.1,1.5707963267948966
9.11111111111111,0.25,1.0,3.049667260749359e-06,2.2885668165382193e-21,False,0.1,0.0,0.1,1.5707963267948966
9.11111111111111,0.3,0.1,0.00039489794584595745,2.963439147653429e-19,False,0.1,0.0,0.1,1.5707963267948966
9.11111111111111,0.3,0.2,0.00010675518397541504,8.01124682302339e-20,False,0.1,0.0,0.1,1.5707963267948966
9.11111111111111,0.3,0.30000000000000004,4.81978719910115e-05,3.6169208321855435e-20,False,0.1,0.0,0.1,1.5707963267948966
9.11111111111111,0.3,0.4,2.7263467395320994e-05,2.0459368662196902e-20,False,0.1,0.0,0.1,1.5707963267948966
9.11111111111111,0.3,0.5,1.749419189616424e-05,1.3128195187390895e-20,False,0.1,0.0,0.1,1.5707963267948966
9.11111111111111,0.3,0.6,1.2166028533865227e-05,9.129772795219502e-21,False,0.1,0.0,0.1,1.5707963267948966
9.11111111111111,0.3,0.7,8.945986859338261e-06,6.71335162723221e-21,False,0.1,0.0,0.1,1.5707963267948966
9.11111111111111,0.3,0.8,6.853094848809353e-06,5.142779234781273e-21,False,0.1,0.0,0.1,1.5707963267948966
9.11111111111111,0.3,0.9,5.4168648933533485e-06,4.0649868279574794e-21,False,0.1,0.0,0.1,1.5707963267948966
9.11111111111111,0.3,1.0,4.388863211437568e-06,3.2935418356274495e-21,False,0.1,0.0,0.1,1.5707963267948966
10.0,0.05,0.1,1.0131358531339754e-05,1.005227942427888e-20,False,0.1,0.0,0.1,1.5707963267948966
10.0,0.05,0.2,2.5329820979409404e-06,2.513211209181379e-21,False,0.1,0.0,0.1,1.5707963267948966
10.0,0.05,0.30000000000000004,1.1257815478724693e-06,1.1169943946712498e-21,False,0.1,0.0,0.1,1.5707963267948966
10.0,0.05,0.4,6.332544293891119e-07,6.283116376930596e-22,False,0.1,0.0,0.1,1.5707963267948966
10.0,0.05,0.5,4.05283518720011e-07,4.0212012669635216e-22,False,0.1,0.0,0.1,1.5707963267948966
10.0,0.05,0.6,2.814471459920136e-07,2.7925034396185813e-22,False,0.1,0.0,0.1,1.5707963267948966
10.0,0.05,0.7,2.0677760930451013e-07,2.0516363141068655e-22,False,0.1,0.0,0.1,1.5707963267948966
10.0,0.05,0.8,1.5831416391681452e-07,1.5707846164856452e-22,False,0.1,0.0,0.1,1.5707963267948966
10.0,0.05,0.9,1.2508776521795408e-07,1.241114076300672e-22,False,0.1,0.0,0.1,1.5707963267948966
10.0,0.05,1.0,1.0132110765152606e-07,1.0053025786620691e-22,False,0.1,0.0,0.1,1.5707963267948966
10.0,0.1,0.1,4.0479916979151265e-05,4.016395582954754e-20,False,0.1,0.0,0.1,1.5707963267948966
10.0,0.1,0.2,1.0129079944092566e-05,1.0050018622271874e-20,False,0.1,0.0,0.1,1.5707963267948966
10.0,0.1,0.30000000000000004,4.50256340233093e-06,4.467419182309509e-21,False,0.1,0.0,0.1,1.5707963267948966
10.0,0.1,0.4,2.5328396328349385e-06,2.51306985606972e-21,False,0.1,0.0,0.1,1.5707963267948966
10.0,0.1,0.5,1.6210611285881876e-06,1.6084081298671073e-21,False,0.1,0.0,0.1,1.5707963267948966
10.0,0.1,0.6,1.1257534046627612e-06,1.1169664711299985e-21,False,0.1,0.0,0.1,1.5707963267948966
10.0,0.1,0.7,8.270914480673368e-07,8.206356847095868e-22,False,0.1,0.0,0.1,1.5707963267948966
10.0,0.1,0.8,6.332455244852351e-07,6.283028022953448e-22,False,0.1,0.0,0.1,1.5707963267948966
10.0,0.1,0.9,5.003441116909392e-07,4.964387355803917e-22,False,0.1,0.0,0.1,1.5707963267948966
10.0,0.1,1.0,4.0527987123034986e-07,4.021165076767353e-22,False,0.1,0.0,0.1,1.5707963267948966
10.0,0.15000000000000002,0.1,9.063954283830195e-05,8.993206672935894e-20,False,0.1,0.0,0.1,1.5707963267948966
10.0,0.15000000000000002,0.2,2.276271294189294e-05,2.258504130899596e-20,False,0.1,0.0,0.1,1.5707963267948966
10.0,0.15000000000000002,0.30000000000000004,1.0125285334065073e-05,1.0046253630619024e-20,False,0.1,0.0,0.1,1.5707963267948966
10.0,0.15000000000000002,0.4,5.6971537155676385e-06,5.65268526375814e-21,False,0.1,0.0,0.1,1.5707963267948966
10.0,0.15000000000000002,0.5,3.6466765404965406e-06,3.618212842990401e-21,False,0.1,0.0,0.1,1.5707963267948966
10.0,0.15000000000000002,0.6,2.5326022384692876e-06,2.5128343146573918e-21,False,0.1,0.0,0.1,1.5707963267948966
10.0,0.15000000000000002,0.7,1.8607706441547767e-06,1.8462466214849968e-21,False,0.1,0.0,0.1,1.5707963267948966
10.0,0.15000000000000002,0.8,1.42469391463147e-06,1.4135736367086612e-21,False,0.1,0.0,0.1,1.5707963267948966
10.0,0.15000000000000002,0.9,1.125706503482195e-06,1.1169199360309866e-21,False,0.1,0.0,0.1,1.5707963267948966
10.0,0.15000000000000002,1.0,9.118352599107066e-07,9.047180388670225e-22,False,0.1,0.0,0.1,1.5707963267948966
10.0,0.2,0.1,0.00015907900033954565,1.5783732823209094e-19,False,0.1,0.0,0.1,1.5707963267948966
10.0,0.2,0.2,4.033517390149665e-05,4.002034252667078e-20,False,0.1,0.0,0.1,1.5707963267948966
10.0,0.2,0.30000000000000004,1.7974336866125995e-05,1.7834040329882828e-20,False,0.1,0.0,0.1,1.5707963267948966
10.0,0.2,0.4,1.0119979244787816e-05,1.0040988957386886e-20,False,0.1,0.0,0.1,1.5707963267948966
10.0,0.2,0.5,6.479580708736666e-06,6.4290051166291776e-21,False,0.1,0.0,0.1,1.5707963267948966
10.0,0.2,0.6,4.500763736774186e-06,4.4656335638269854e-21,False,0.1,0.0,0.1,1.5707963267948966
10.0,0.2,0.7,3.30715111874903e-06,3.281337546306889e-21,False,0.1,0.0,0.1,1.5707963267948966
10.0,0.2,0.8,2.5322699860231414e-06,2.5125046555679684e-21,False,0.1,0.0,0.1,1.5707963267948966
10.0,0.2,0.9,2.000931839156501e-06,1.9853138050458038e-21,False,0.1,0.0,0.1,1.5707963267948966
10.0,0.2,1.0,1.6208277592630834e-06,1.6081765820783536e-21,False,0.1,0.0,0.1,1.5707963267948966
10.0,0.25,0.1,0.00024212782855705716,2.40237928755599e-19,False,0.1,0.0,0.1,1.5707963267948966
10.0,0.25,0.2,6.25950581636558e-05,6.210647992504214e-20,False,0.1,0.0,0.1,1.5707963267948966
10.0,0.25,0.30000000000000004,2.7999196820703487e-05,2.778065243930056e-20,False,0.1,0.0,0.1,1.5707963267948966
10.0,0.25,0.4,1.578523425848071e-05,1.5662024500771906e-20,False,0.1,0.0,0.1,1.5707963267948966
10.0,0.25,0.5,1.011316801816601e-05,1.0034230894979687e-20,False,0.1,0.0,0.1,1.5707963267948966
10.0,0.25,0.6,7.027047476638882e-06,6.972198698164798e-21,False,0.1,0.0,0.1,1.5707963267948966
10.0,0.25,0.7,5.1645091818213564e-06,5.124198223202847e-21,False,0.1,0.0,0.1,1.5707963267948966
10.0,0.25,0.8,3.9549627418317225e-06,3.924092753259546e-21,False,0.1,0.0,0.1,1.5707963267948966
10.0,0.25,0.9,3.12538870080957e-06,3.100993853177474e-21,False,0.1,0.0,0.1,1.5707963267948966
10.0,0.25,1.0,2.5318429750726273e-06,2.5120809776003482e-21,False,0.1,0.0,0.1,1.5707963267948966
10.0,0.3,0.1,0.0003333696564911989,3.3076757951653e-19,False,0.1,0.0,0.1,1.5707963267948966
10.0,0.3,0.2,8.904271281175571e-05,8.834770056856543e-20,False,0.1,0.0,0.1,1.5707963267948966
10.0,0.3,0.30000000000000004,4.009697945719645e-05,3.9784007280611755e-20,False,0.1,0.0,0.1,1.5707963267948966
10.0,0.3,0.4,2.265988570957547e-05,2.2483016682339715e-20,False,0.1,0.0,0.1,1.5707963267948966
10.0,0.3,0.5,1.453381610637725e-05,1.4420374143354815e-20,False,0.1,0.0,0.1,1.5707963267948966
10.0,0.3,0.6,1.0104859775569541e-05,1.002598750137694e-20,False,0.1,0.0,0.1,1.5707963267948966
10.0,0.3,0.7,7.429277805743787e-06,7.37128946655235e-21,False,0.1,0.0,0.1,1.5707963267948966
10.0,0.3,0.8,5.690678235473231e-06,5.646260327248986e-21,False,0.1,0.0,0.1,1.5707963267948966
10.0,0.3,0.9,4.497768553239029e-06,4.4626617588386144e-21,False,0.1,0.0,0.1,1.5707963267948966
10.0,0.3,1.0,3.6440217691972852e-06,3.615578793190947e-21,False,0.1,0.0,0.1,1.5707963267948966
